{
    "Pickable_Branch": 2,
    "Pickable_Stone": 2,
    "Pickable_Dandelion": 2,
    "Pickable_Mushroom": 2,
    "RaspberryBush": 3,
    "BlueberryBush": 6,
    "Pickable_Carrot": 4,
    "Pickable_SeedCarrot": 4,
    "Pickable_Flint": 4,
    "Pickable_ForestCryptRemains01": 8,
    "Pickable_ForestCryptRemains02": 8,
    "Pickable_ForestCryptRemains03": 8,
    "Pickable_ForestCryptRemains04": 8,
    "Pickable_ForestCryptRandom": 8,
    "Pickable_Mushroom_yellow": 4,
    "Pickable_Thistle": 4,
    "Pickable_Tin": 4,
    "Pickable_SurtlingCoreStand": 30,
    "Pickable_BogIronOre": 6,
    "Pickable_Turnip": 6,
    "Pickable_SeedTurnip": 6,
    "Pickable_SunkenCryptRandom": 12,
    "Pickable_Obsidian": 8,
    "Pickable_Onion": 8,
    "Pickable_SeedOnion": 8,
    "hanging_hairstrands": 16,
    "Pickable_Hairstrands01": 16,
    "Pickable_Hairstrands02": 16,
    "Pickable_MeatPile": 16,
    "Pickable_MountainCaveCrystal": 16,
    "Pickable_MountainCaveObsidian": 16,
    "Pickable_MountainCaveRandom": 16,
    "Pickable_MountainRemains01_buried": 16,
    "Pickable_DragonEgg": 1200,
    "CloudberryBush": 10,
    "Pickable_Barley": 10,
    "Pickable_Barley_Wild": 10,
    "Pickable_Flax": 10,
    "Pickable_Flax_Wild": 10,
    "Pickable_Tar": 10,
    "Pickable_TarBig": 20,
    "goblin_totempole": 3000,
    "Pickable_Mushroom_JotunPuffs": 12,
    "Pickable_Mushroom_Magecap": 12,
    "Pickable_RoyalJelly": 12,
    "Pickable_DvergrMineTreasure": 24,
    "Pickable_BlackCoreStand": 6000,
    "Pickable_Item": 10,
    "Pickable_DolmenTreasure": 10,
    "Pickable_Meteorite": 10,
    "LuredWisp": 100,
    "piece_beehive": 10
}